Id,Position,First Name,Nickname,Last Name,FPPG,Played,Salary,Game,Team,Opponent,Injury Indicator,Injury Details
21266-28181,RB,Le'Veon,Le'Veon Bell,Bell,17.17499924,4,15000,JAC@PIT,PIT,JAC,,
21266-11612,WR,Antonio,Antonio Brown,Brown,14.94999981,4,14500,JAC@PIT,PIT,JAC,,
21266-31360,WR,Odell,Odell Beckham Jr.,Beckham Jr.,14.16666667,3,14500,LAC@NYG,NYG,LAC,Q,Finger
21266-6894,QB,Aaron,Aaron Rodgers,Rodgers,21.48500061,4,14500,GB@DAL,GB,DAL,,
21266-38791,RB,Ezekiel,Ezekiel Elliott,Elliott,16.375,4,14500,GB@DAL,DAL,GB,,
21266-45229,RB,Kareem,Kareem Hunt,Hunt,26.60000038,4,14000,KC@HOU,KC,HOU,,
21266-52922,RB,Leonard,Leonard Fournette,Fournette,17.75,4,13500,JAC@PIT,JAC,PIT,,
21266-6893,WR,Jordy,Jordy Nelson,Nelson,19.69999949,3,13500,GB@DAL,GB,DAL,,
21266-6779,RB,LeSean,LeSean McCoy,McCoy,12.10000038,4,13000,BUF@CIN,BUF,CIN,,
21266-30447,RB,Todd,Todd Gurley II,Gurley II,27.39999962,4,13000,SEA@LAR,LAR,SEA,,
21266-11435,WR,Dez,Dez Bryant,Bryant,10.30000019,4,12500,GB@DAL,DAL,GB,,
21266-28900,RB,Melvin,Melvin Gordon,Gordon,12.75,4,12500,LAC@NYG,LAC,NYG,,
21266-14187,WR,A.J.,A.J. Green,Green,14,4,12500,BUF@CIN,CIN,BUF,,
21266-16606,WR,DeAndre,DeAndre Hopkins,Hopkins,14.64999962,4,12000,KC@HOU,HOU,KC,,
21266-22015,QB,Russell,Russell Wilson,Wilson,21.69000053,4,12000,SEA@LAR,SEA,LAR,,
21266-28473,RB,Carlos,Carlos Hyde,Hyde,15.35000038,4,12000,SF@IND,SF,IND,Q,Hip
21266-14320,RB,Bilal,Bilal Powell,Powell,11.10000038,4,12000,NYJ@CLE,NYJ,CLE,,
21266-29734,RB,Ty,Ty Montgomery,Montgomery,13.77499962,4,11500,GB@DAL,GB,DAL,Q,Ribs
21266-31001,WR,Amari,Amari Cooper,Cooper,5.75,4,11500,BAL@OAK,OAK,BAL,,
21266-6654,QB,Matthew,Matthew Stafford,Stafford,16.94499969,4,11500,CAR@DET,DET,CAR,,
21266-22031,WR,T.Y.,T.Y. Hilton,Hilton,10.35000038,4,11500,SF@IND,IND,SF,,
21266-29253,WR,Keenan,Keenan Allen,Allen,12.85000038,4,11500,LAC@NYG,LAC,NYG,,
21266-14185,QB,Cam,Cam Newton,Newton,17.81999969,4,11500,CAR@DET,CAR,DET,,
21266-9392,WR,Michael,Michael Crabtree,Crabtree,13.83333333,3,11000,BAL@OAK,OAK,BAL,Q,Chest
21266-53681,WR,Tyreek,Tyreek Hill,Hill,13.42500019,4,11000,KC@HOU,KC,HOU,,
21266-22037,RB,Lamar,Lamar Miller,Miller,13.67500019,4,11000,KC@HOU,HOU,KC,,
21266-64119,RB,Chris,Chris Carson,Carson,9.050000191,4,11000,SEA@LAR,SEA,LAR,IR,Lower leg
21266-29358,QB,Marcus,Marcus Mariota,Mariota,17.56999969,4,11000,TEN@MIA,TEN,MIA,Q,Hamstring
21266-46882,RB,Jay,Jay Ajayi,Ajayi,7.666666667,3,11000,TEN@MIA,MIA,TEN,,
21266-45859,QB,Derek,Derek Carr,Carr,14.20499992,4,11000,BAL@OAK,OAK,BAL,O,Back
21266-31716,QB,Dak,Dak Prescott,Prescott,20.38500023,4,11000,GB@DAL,DAL,GB,,
21266-9371,RB,Marshawn,Marshawn Lynch,Lynch,6.349999905,4,10500,BAL@OAK,OAK,BAL,,
21266-14626,WR,Doug,Doug Baldwin,Baldwin,10.97500038,4,10500,SEA@LAR,SEA,LAR,,
21266-33076,WR,Travis,Travis Kelce,Kelce,12.17500019,4,10500,KC@HOU,KC,HOU,,
21266-21939,QB,Andrew,Andrew Luck,Luck,21.38000081,15,10500,SF@IND,IND,SF,O,Shoulder - labrum
21266-6589,QB,Ben,Ben Roethlisberger,Roethlisberger,14.44499969,4,10500,JAC@PIT,PIT,JAC,,
21266-21980,WR,Alshon,Alshon Jeffery,Jeffery,11,4,10500,ARI@PHI,PHI,ARI,,
21266-54879,QB,Deshaun,Deshaun Watson,Watson,20.30999947,4,10500,KC@HOU,HOU,KC,,
21266-70324,QB,Carson,Carson Wentz,Wentz,18.50499916,4,10500,ARI@PHI,PHI,ARI,,
21266-55050,RB,Christian,Christian McCaffrey,McCaffrey,9.625,4,10500,CAR@DET,CAR,DET,,
21266-8005,QB,Alex,Alex Smith,Smith,22.39500046,4,10500,KC@HOU,KC,HOU,,
21266-14254,RB,DeMarco,DeMarco Murray,Murray,8.324999809,4,10500,TEN@MIA,TEN,MIA,,
21266-29780,WR,Zach,Zach Ertz,Ertz,12.39999962,4,10000,ARI@PHI,PHI,ARI,,
21266-11485,WR,Golden,Golden Tate,Tate,10.19999981,4,10000,CAR@DET,DET,CAR,,
21266-54684,RB,Isaiah,Isaiah Crowell,Crowell,5.724999905,4,10000,NYJ@CLE,CLE,NYJ,,
21266-6748,QB,Carson,Carson Palmer,Palmer,16.96999931,4,10000,ARI@PHI,ARI,PHI,,
21266-27229,RB,Ameer,Ameer Abdullah,Abdullah,10.67500019,4,10000,CAR@DET,DET,CAR,Q,Ankle
21266-6840,RB,Frank,Frank Gore,Gore,9.5,4,10000,SF@IND,IND,SF,,
21266-25290,RB,Giovani,Giovani Bernard,Bernard,9.574999809,4,10000,BUF@CIN,CIN,BUF,,
21266-7968,QB,Philip,Philip Rivers,Rivers,15.56999969,4,10000,LAC@NYG,LAC,NYG,,
21266-14377,QB,Tyrod,Tyrod Taylor,Taylor,15.14000034,4,9500,BUF@CIN,BUF,CIN,,
21266-25837,RB,Duke,Duke Johnson Jr.,Johnson Jr.,12.10000038,4,9500,NYJ@CLE,CLE,NYJ,,
21266-39280,RB,Derrick,Derrick Henry,Henry,6.324999809,4,9500,TEN@MIA,TEN,MIA,,
21266-6733,RB,Jonathan,Jonathan Stewart,Stewart,7.650000095,4,9500,CAR@DET,CAR,DET,,
21266-6774,WR,Pierre,Pierre Garcon,Garcon,9.625,4,9500,SF@IND,SF,IND,,
21266-6826,QB,Eli,Eli Manning,Manning,18.15500069,4,9500,LAC@NYG,NYG,LAC,,
21266-45889,WR,Davante,Davante Adams,Adams,10.47500038,4,9500,GB@DAL,GB,DAL,Q,Concussion
21266-24641,WR,Sammy,Sammy Watkins,Watkins,10.02499962,4,9000,SEA@LAR,LAR,SEA,,
21266-28080,WR,Devin,Devin Funchess,Funchess,10.52499962,4,9000,CAR@DET,CAR,DET,,
21266-33260,WR,DeVante,DeVante Parker,Parker,12.66666667,3,9000,TEN@MIA,MIA,TEN,,
21266-11779,RB,LeGarrette,LeGarrette Blount,Blount,10.125,4,9000,ARI@PHI,PHI,ARI,,
21266-34308,QB,Blake,Blake Bortles,Bortles,15.52000046,4,9000,JAC@PIT,JAC,PIT,,
21266-38435,QB,Jared,Jared Goff,Goff,17.49500084,4,9000,SEA@LAR,LAR,SEA,,
21266-42028,WR,Will,Will Fuller V,Fuller V,17.89999962,1,8500,KC@HOU,HOU,KC,,
21266-62535,WR,Tyrell,Tyrell Williams,Williams,9.449999809,4,8500,LAC@NYG,LAC,NYG,,
21266-7283,WR,Jeremy,Jeremy Maclin,Maclin,7.150000095,4,8500,BAL@OAK,BAL,OAK,,
21266-30837,WR,Jordan,Jordan Matthews,Matthews,6.800000191,4,8500,BUF@CIN,BUF,CIN,D,Thumb
21266-52442,RB,Joe,Joe Mixon,Mixon,6.724999905,4,8500,BUF@CIN,CIN,BUF,,
21266-54607,RB,Terrance,Terrance West,West,6.349999905,4,8500,BAL@OAK,BAL,OAK,,
21266-24929,WR,Kelvin,Kelvin Benjamin,Benjamin,6.974999905,4,8500,CAR@DET,CAR,DET,,
21266-6714,QB,Joe,Joe Flacco,Flacco,8.484999657,4,8500,BAL@OAK,BAL,OAK,,
21266-38509,RB,Wendell,Wendell Smallwood,Smallwood,6.599999905,4,8500,ARI@PHI,PHI,ARI,,
21266-31394,WR,Jarvis,Jarvis Landry,Landry,9.46666654,3,8500,TEN@MIA,MIA,TEN,,
21266-33465,RB,Theo,Theo Riddick,Riddick,6.074999809,4,8500,CAR@DET,DET,CAR,,
21266-6883,WR,Larry,Larry Fitzgerald,Fitzgerald,13.14999962,4,8500,ARI@PHI,ARI,PHI,,
21266-14225,QB,Andy,Andy Dalton,Dalton,13.77000046,4,8500,BUF@CIN,CIN,BUF,,
21266-14257,WR,Randall,Randall Cobb,Cobb,11.80000051,3,8500,GB@DAL,GB,DAL,,
21266-53303,RB,Matt,Matt Breida,Breida,3.075000048,4,8000,SF@IND,SF,IND,,
21266-34154,WR,J.J.,J.J. Nelson,Nelson,9.550000191,4,8000,ARI@PHI,ARI,PHI,,
21266-40442,RB,Aaron,Aaron Jones,Jones,10.89999962,1,8000,GB@DAL,GB,DAL,,
21266-30231,QB,Jacoby,Jacoby Brissett,Brissett,12.55500031,4,8000,SF@IND,IND,SF,,
21266-39455,RB,Kerwynn,Kerwynn Williams,Williams,2.900000095,4,8000,ARI@PHI,ARI,PHI,,
21266-45631,RB,Jamaal,Jamaal Williams,Williams,1.225000024,4,8000,GB@DAL,GB,DAL,Q,Knee
21266-6759,WR,Brandon,Brandon Marshall,Marshall,5.474999905,4,8000,LAC@NYG,NYG,LAC,,
21266-31397,RB,Jeremy,Jeremy Hill,Hill,2.950000048,4,8000,BUF@CIN,CIN,BUF,,
21266-7872,QB,Brian,Brian Hoyer,Hoyer,10.75500011,4,8000,SF@IND,SF,IND,,
21266-6863,WR,Delanie,Delanie Walker,Walker,9.25,4,8000,TEN@MIA,TEN,MIA,,
21266-6898,QB,Jay,Jay Cutler,Cutler,10.6200002,3,8000,TEN@MIA,MIA,TEN,,
21266-33578,RB,Jalen,Jalen Richard,Richard,6.425000191,4,8000,BAL@OAK,OAK,BAL,,
21266-27477,WR,Sterling,Sterling Shepard,Shepard,10.80000019,4,8000,LAC@NYG,NYG,LAC,,
21266-40843,RB,Alex,Alex Collins,Collins,5.53333346,3,8000,BAL@OAK,BAL,OAK,,
21266-29593,WR,Marqise,Marqise Lee,Lee,5.599999905,4,8000,JAC@PIT,JAC,PIT,,
21266-29645,RB,Javorius,Javorius Allen,Allen,9.600000381,4,8000,BAL@OAK,BAL,OAK,,
21266-14362,WR,Charles,Charles Clay,Clay,10.92500019,4,7500,BUF@CIN,BUF,CIN,,
21266-57439,QB,Patrick,Patrick Mahomes II,Mahomes II,0,0,7500,KC@HOU,KC,HOU,,
21266-24675,WR,Martavis,Martavis Bryant,Bryant,7.5,4,7500,JAC@PIT,PIT,JAC,,
21266-79970,WR,Cooper,Cooper Kupp,Kupp,9.399999619,4,7500,SEA@LAR,LAR,SEA,,
21266-25760,WR,Allen,Allen Hurns,Hurns,9.649999619,4,7500,JAC@PIT,JAC,PIT,,
21266-29866,RB,Paul,Paul Perkins,Perkins,3.275000095,4,7500,LAC@NYG,NYG,LAC,Q,Ribs
21266-57537,QB,DeShone,DeShone Kizer,Kizer,13.56499958,4,7500,NYJ@CLE,CLE,NYJ,,
21266-11512,WR,Jimmy,Jimmy Graham,Graham,5.425000191,4,7500,SEA@LAR,SEA,LAR,,
21266-54606,WR,John,John Brown,Brown,6.199999809,2,7500,ARI@PHI,ARI,PHI,,
21266-54687,RB,Charcandrick,Charcandrick West,West,5.766666412,3,7500,KC@HOU,KC,HOU,,
21266-6566,RB,Chris,Chris Johnson,Johnson,4.933333397,3,7500,ARI@PHI,ARI,PHI,,
21266-26038,WR,Tyler,Tyler Kroft,Kroft,9.03333346,3,7500,BUF@CIN,CIN,BUF,,
21266-55830,RB,D'Onta,D'Onta Foreman,Foreman,4.724999905,4,7500,KC@HOU,HOU,KC,,
21266-7778,QB,Matt,Matt Cassel,Cassel,-3.160000086,1,7500,TEN@MIA,TEN,MIA,,
21266-26251,WR,Robby,Robby Anderson,Anderson,8.100000381,4,7500,NYJ@CLE,NYJ,CLE,,
21266-6803,QB,Josh,Josh McCown,McCown,11.96000004,4,7500,NYJ@CLE,NYJ,CLE,,
21266-22163,WR,Rishard,Rishard Matthews,Matthews,9.875,4,7500,TEN@MIA,TEN,MIA,,
21266-22219,WR,Jermaine,Jermaine Kearse,Kearse,9.800000191,4,7500,NYJ@CLE,NYJ,CLE,,
21266-6899,RB,Matt,Matt Forte,Forte,6.066666921,3,7500,NYJ@CLE,NYJ,CLE,Q,Toe
21266-33691,RB,Orleans,Orleans Darkwa,Darkwa,2.700000127,3,7500,LAC@NYG,NYG,LAC,Q,Back
21266-29685,WR,Robert,Robert Woods,Woods,6.150000095,4,7500,SEA@LAR,LAR,SEA,,
21266-14344,QB,T.J.,T.J. Yates,Yates,0,0,7000,BUF@CIN,BUF,CIN,,
21266-29715,QB,Kevin,Kevin Hogan,Hogan,5.409999847,2,7000,NYJ@CLE,CLE,NYJ,,
21266-30761,QB,Nathan,Nathan Peterman,Peterman,0,0,7000,BUF@CIN,BUF,CIN,,
21266-31798,QB,Bryce,Bryce Petty,Petty,6.543333054,6,7000,NYJ@CLE,NYJ,CLE,,
21266-30788,QB,Tyler,Tyler Bray,Bray,0,0,7000,KC@HOU,KC,HOU,,
21266-24682,RB,Andre,Andre Ellington,Ellington,8.449999809,4,7000,ARI@PHI,ARI,PHI,,
21266-29915,QB,Brett,Brett Hundley,Hundley,0,1,7000,GB@DAL,GB,DAL,,
21266-6373,QB,Derek,Derek Anderson,Anderson,6.8E-01,1,7000,CAR@DET,CAR,DET,,
21266-22848,QB,Austin,Austin Davis,Davis,0,0,7000,SEA@LAR,SEA,LAR,,
21266-31047,QB,AJ,AJ McCarron,McCarron,0,0,7000,BUF@CIN,CIN,BUF,,
21266-27982,QB,Jake,Jake Rudock,Rudock,0,0,7000,CAR@DET,DET,CAR,,
21266-27986,QB,C.J.,C.J. Beathard,Beathard,0,0,7000,SF@IND,SF,IND,,
21266-11615,QB,Joe,Joe Webb,Webb,1.14286E-01,7,7000,BUF@CIN,BUF,CIN,,
21266-14696,QB,Scott,Scott Tolzien,Tolzien,3.319999933,1,7000,SF@IND,IND,SF,,
21266-22894,QB,Kellen,Kellen Moore,Moore,0,0,7000,GB@DAL,DAL,GB,,
21266-25969,QB,Tom,Tom Savage,Savage,-7.6E-01,2,7000,KC@HOU,HOU,KC,,
21266-24949,QB,EJ,EJ Manuel,Manuel,3.24000001,1,7000,BAL@OAK,OAK,BAL,,
21266-27050,WR,Tyler,Tyler Lockett,Lockett,6.449999809,4,7000,SEA@LAR,SEA,LAR,,
21266-28095,RB,Thomas,Thomas Rawls,Rawls,4.E-01,1,7000,SEA@LAR,SEA,LAR,,
21266-31170,QB,Brandon,Brandon Allen,Allen,0,0,7000,SEA@LAR,LAR,SEA,,
21266-40407,QB,Joshua,Joshua Dobbs,Dobbs,0,0,7000,JAC@PIT,PIT,JAC,,
21266-6641,WR,Jason,Jason Witten,Witten,9.574999809,4,7000,GB@DAL,DAL,GB,,
21266-28163,QB,Connor,Connor Cook,Cook,7,1,7000,BAL@OAK,OAK,BAL,,
21266-22027,QB,Nick,Nick Foles,Foles,14,2,7000,ARI@PHI,PHI,ARI,,
21266-26141,QB,Ryan,Ryan Nassib,Nassib,0,0,7000,JAC@PIT,JAC,PIT,,
21266-39454,QB,Zac,Zac Dysert,Dysert,0,0,7000,GB@DAL,DAL,GB,IR,Back
21266-23075,QB,Alex,Alex Tanney,Tanney,0,0,7000,TEN@MIA,TEN,MIA,IR,Foot
21266-30253,QB,Jeff,Jeff Driskel,Driskel,0,0,7000,BUF@CIN,CIN,BUF,IR,Thumb
21266-7744,QB,Drew,Drew Stanton,Stanton,2.476000023,5,7000,ARI@PHI,ARI,PHI,,
21266-22103,WR,Marvin,Marvin Jones Jr.,Jones Jr.,7.25,4,7000,CAR@DET,DET,CAR,,
21266-6808,QB,Matt,Matt Moore,Moore,14.43500042,4,7000,TEN@MIA,MIA,TEN,,
21266-7844,QB,Chad,Chad Henne,Henne,-3.E-01,1,7000,JAC@PIT,JAC,PIT,,
21266-44715,QB,Cooper,Cooper Rush,Rush,0,0,7000,GB@DAL,DAL,GB,,
21266-7919,QB,Kellen,Kellen Clemens,Clemens,-1.E-01,1,7000,LAC@NYG,LAC,NYG,,
21266-41732,QB,Christian,Christian Hackenberg,Hackenberg,0,0,7000,NYJ@CLE,NYJ,CLE,,
21266-29445,QB,Sean,Sean Mannion,Mannion,-2.2E-01,1,7000,SEA@LAR,LAR,SEA,,
21266-27405,QB,Landry,Landry Jones,Jones,5.13142831,7,7000,JAC@PIT,PIT,JAC,,
21266-33557,WR,Tyler,Tyler Eifert,Eifert,3.299999952,2,7000,BUF@CIN,CIN,BUF,Q,Back
21266-28515,QB,Cardale,Cardale Jones,Jones,2.74000001,1,7000,LAC@NYG,LAC,NYG,,
21266-55140,QB,Brad,Brad Kaaya,Kaaya,0,0,7000,CAR@DET,CAR,DET,,
21266-32613,RB,DeAndre,DeAndre Washington,Washington,3.375,4,7000,BAL@OAK,OAK,BAL,,
21266-14194,QB,Blaine,Blaine Gabbert,Gabbert,13.19999949,6,7000,ARI@PHI,ARI,PHI,,
21266-26483,QB,Geno,Geno Smith,Smith,4.46999979,2,7000,LAC@NYG,NYG,LAC,,
21266-39795,QB,Davis,Davis Webb,Webb,0,0,7000,LAC@NYG,NYG,LAC,,
21266-40845,WR,Hunter,Hunter Henry,Henry,10.05000019,2,7000,LAC@NYG,LAC,NYG,,
21266-41872,WR,Evan,Evan Engram,Engram,8.875,4,7000,LAC@NYG,NYG,LAC,,
21266-29587,QB,Cody,Cody Kessler,Kessler,8.777777778,9,7000,NYJ@CLE,CLE,NYJ,,
21266-14245,RB,Shane,Shane Vereen,Vereen,5.724999905,4,7000,LAC@NYG,NYG,LAC,,
21266-14267,QB,Ryan,Ryan Mallett,Mallett,5.440000057,1,7000,BAL@OAK,BAL,OAK,,
21266-62616,RB,Zach,Zach Zenner,Zenner,0.25,2,6500,CAR@DET,DET,CAR,,
21266-11501,WR,Eric,Eric Decker,Decker,4.099999905,4,6500,TEN@MIA,TEN,MIA,,
21266-6448,WR,Martellus,Martellus Bennett,Bennett,5.650000095,4,6500,GB@DAL,GB,DAL,,
21266-45439,WR,Corey,Corey Davis,Davis,5.400000095,2,6500,TEN@MIA,TEN,MIA,O,Hamstring
21266-52613,WR,Curtis,Curtis Samuel,Samuel,3.150000095,2,6500,CAR@DET,CAR,DET,Q,Back
21266-6535,WR,Kenny,Kenny Britt,Britt,5.525000095,4,6500,NYJ@CLE,CLE,NYJ,,
21266-6607,WR,Mike,Mike Wallace,Wallace,4.625,4,6500,BAL@OAK,BAL,OAK,,
21266-32243,WR,Marquise,Marquise Goodwin,Goodwin,4.300000191,4,6500,SF@IND,SF,IND,Q,Concussion
21266-41475,WR,John,John Ross,Ross,-8.E-01,1,6500,BUF@CIN,CIN,BUF,Q,Knee
21266-22035,WR,Travis,Travis Benjamin,Benjamin,7.599999905,4,6500,LAC@NYG,LAC,NYG,,
21266-16923,WR,Austin,Austin Seferian-Jenkins,Seferian-Jenkins,6.099999905,2,6500,NYJ@CLE,NYJ,CLE,,
21266-57909,RB,Marlon,Marlon Mack,Mack,6.150000095,2,6500,SF@IND,IND,SF,Q,Shoulder
21266-7761,WR,Jared,Jared Cook,Cook,7.75,4,6500,BAL@OAK,OAK,BAL,,
21266-22113,RB,Alfred,Alfred Morris,Morris,3.849999905,2,6500,GB@DAL,DAL,GB,,
21266-31329,WR,Russell,Russell Shepard,Shepard,3.799999952,4,6500,CAR@DET,CAR,DET,,
21266-7806,RB,Darren,Darren McFadden,McFadden,3.96666654,3,6500,GB@DAL,DAL,GB,,
21266-55987,WR,JuJu,JuJu Smith-Schuster,Smith-Schuster,6.550000191,4,6500,JAC@PIT,PIT,JAC,,
21266-25272,WR,Eric,Eric Ebron,Ebron,5.050000191,4,6500,CAR@DET,DET,CAR,,
21266-7870,WR,Benjamin,Benjamin Watson,Watson,7.150000095,4,6500,BAL@OAK,BAL,OAK,,
21266-40687,RB,James,James Conner,Conner,1.533333302,3,6500,JAC@PIT,PIT,JAC,,
21266-7975,RB,Mike,Mike Tolbert,Tolbert,5.074999809,4,6500,BUF@CIN,BUF,CIN,,
21266-31561,WR,Donte,Donte Moncrief,Moncrief,6.050000191,4,6500,SF@IND,IND,SF,,
21266-39859,WR,Jack,Jack Doyle,Doyle,5.699999809,4,6500,SF@IND,IND,SF,Q,Concussion
21266-54244,WR,Kenny,Kenny Golladay,Golladay,8.566666921,3,6500,CAR@DET,DET,CAR,Q,Hamstring
21266-26610,WR,Paul,Paul Richardson,Richardson,8.699999809,4,6500,SEA@LAR,SEA,LAR,,
21266-29683,WR,Nelson,Nelson Agholor,Agholor,8.824999809,4,6500,ARI@PHI,PHI,ARI,,
21266-14348,WR,Lee,Lee Smith,Smith,1.950000048,2,6000,BAL@OAK,OAK,BAL,,
21266-14349,WR,Jeremy,Jeremy Kerley,Kerley,5.26666673,3,6000,NYJ@CLE,NYJ,CLE,,
21266-24589,WR,Jaron,Jaron Brown,Brown,8.375,4,6000,ARI@PHI,ARI,PHI,,
21266-30733,WR,Cordarrelle,Cordarrelle Patterson,Patterson,5.550000191,4,6000,BAL@OAK,OAK,BAL,,
21266-23569,WR,Rico,Rico Gathers,Gathers,0,0,6000,GB@DAL,DAL,GB,IR,Concussion
21266-53266,WR,BJ,BJ Johnson III,Johnson III,0,0,6000,SF@IND,SF,IND,,
21266-14358,WR,Dwayne,Dwayne Harris,Harris,0,3,6000,LAC@NYG,NYG,LAC,,
21266-28694,WR,Jesse,Jesse James,James,8.050000191,4,6000,JAC@PIT,PIT,JAC,,
21266-27672,WR,Matt,Matt LaCosse,LaCosse,0,0,6000,LAC@NYG,NYG,LAC,,
21266-14369,RB,Jordan,Jordan Todman,Todman,0,1,6000,KC@HOU,HOU,KC,,
21266-14372,WR,Aldrick,Aldrick Robinson,Robinson,3.73333327,3,6000,SF@IND,SF,IND,,
21266-56356,WR,Isaiah,Isaiah Ford,Ford,0,0,6000,TEN@MIA,MIA,TEN,IR,Knee - meniscus
21266-55335,WR,David,David Njoku,Njoku,5.875,4,6000,NYJ@CLE,CLE,NYJ,,
21266-27692,RB,Josh,Josh Ferguson,Ferguson,1.969230799,13,6000,SF@IND,IND,SF,,
21266-62508,WR,James,James O'Shaughnessy,O'Shaughnessy,1.333333333,3,6000,JAC@PIT,JAC,PIT,,
21266-24621,WR,Charone,Charone Peake,Peake,8.E-01,1,6000,NYJ@CLE,NYJ,CLE,IR,Ankle
21266-62510,WR,Nick,Nick Boyle,Boyle,2.950000048,4,6000,BAL@OAK,BAL,OAK,,
21266-62515,WR,Neal,Neal Sterling,Sterling,6.5E-01,2,6000,NYJ@CLE,NYJ,CLE,,
21266-25654,RB,Tommy,Tommy Bohanon,Bohanon,3.433333397,3,6000,JAC@PIT,JAC,PIT,,
21266-30775,WR,Justin,Justin Hunter,Hunter,1,1,6000,JAC@PIT,PIT,JAC,,
21266-44103,RB,Elijah,Elijah McGuire,McGuire,8.53333346,3,6000,NYJ@CLE,NYJ,CLE,,
21266-28744,RB,Raheem,Raheem Mostert,Mostert,-9.E-01,1,6000,SF@IND,SF,IND,,
21266-30807,WR,Mychal,Mychal Rivera,Rivera,3.420000076,10,6000,JAC@PIT,JAC,PIT,IR,Wrist
21266-31836,WR,Terrance,Terrance Williams,Williams,6.275000095,4,6000,GB@DAL,DAL,GB,,
21266-79972,WR,Chad,Chad Williams,Williams,1.649999976,2,6000,ARI@PHI,ARI,PHI,,
21266-29805,WR,Ryan,Ryan Hewitt,Hewitt,2.099999905,1,6000,BUF@CIN,CIN,BUF,Q,Knee
21266-42095,WR,ArDarius,ArDarius Stewart,Stewart,1.633333365,3,6000,NYJ@CLE,NYJ,CLE,,
21266-79998,WR,Keelan,Keelan Cole,Cole,1.399999976,4,6000,JAC@PIT,JAC,PIT,,
21266-80001,RB,Austin,Austin Ekeler,Ekeler,4.175000191,4,6000,LAC@NYG,LAC,NYG,,
21266-31874,RB,Kenneth,Kenneth Farrow,Farrow,3.070000076,10,6000,LAC@NYG,LAC,NYG,IR,Ankle
21266-24718,WR,Max,Max McCaffrey,McCaffrey,0,0,6000,JAC@PIT,JAC,PIT,,
21266-28815,RB,Akeem,Akeem Hunt,Hunt,0,3,6000,KC@HOU,KC,HOU,,
21266-62617,WR,Khari,Khari Lee,Lee,0,1,6000,BUF@CIN,BUF,CIN,,
21266-46244,RB,Donnel,Donnel Pumphrey,Pumphrey,0,0,6000,ARI@PHI,PHI,ARI,IR,Hamstring
21266-11431,WR,Jermaine,Jermaine Gresham,Gresham,4.133333206,3,6000,ARI@PHI,ARI,PHI,,
21266-25775,WR,Clive,Clive Walford,Walford,8.E-01,2,6000,BAL@OAK,OAK,BAL,,
21266-25783,RB,Mike,Mike James,James,2.033333302,3,6000,CAR@DET,DET,CAR,IR,Concussion
21266-52410,WR,Josh,Josh Malone,Malone,0,0,6000,BUF@CIN,CIN,BUF,,
21266-25789,WR,Rashawn,Rashawn Scott,Scott,0,0,6000,TEN@MIA,MIA,TEN,NA,Foot
21266-32957,WR,Eric,Eric Tomlinson,Tomlinson,1.75,2,6000,NYJ@CLE,NYJ,CLE,,
21266-9409,WR,Clark,Clark Harris,Harris,0,0,6000,BUF@CIN,CIN,BUF,,
21266-11457,WR,Arrelious,Arrelious Benn,Benn,1.700000048,1,6000,JAC@PIT,JAC,PIT,,
21266-41163,WR,Keeon,Keeon Johnson,Johnson,0,0,6000,LAC@NYG,NYG,LAC,IR,Foot
21266-48344,WR,Albert,Albert Wilson,Wilson,6.900000095,4,6000,KC@HOU,KC,HOU,,
21266-28890,RB,Derek,Derek Watt,Watt,0,1,6000,LAC@NYG,LAC,NYG,,
21266-11488,WR,Ed,Ed Dickson,Dickson,3.150000095,4,6000,CAR@DET,CAR,DET,,
21266-9442,WR,Brandon,Brandon Tate,Tate,0,2,6000,BUF@CIN,BUF,CIN,,
21266-22754,WR,Garrett,Garrett Celek,Celek,3.849999905,2,6000,SF@IND,SF,IND,,
21266-25827,WR,Asante,Asante Cleveland,Cleveland,0,0,6000,LAC@NYG,LAC,NYG,IR,Undisclosed
21266-40164,WR,Shelton,Shelton Gibson,Gibson,0,0,6000,ARI@PHI,PHI,ARI,,
21266-11495,WR,Brandon,Brandon LaFell,LaFell,3.150000095,4,6000,BUF@CIN,CIN,BUF,,
21266-28907,WR,Alex,Alex Erickson,Erickson,2.099999905,4,6000,BUF@CIN,CIN,BUF,,
21266-24817,WR,Nick,Nick O'Leary,O'Leary,3.150000095,2,6000,BUF@CIN,BUF,CIN,,
21266-39153,WR,Ifeanyi,Ifeanyi Momah,Momah,5.099999905,1,6000,ARI@PHI,ARI,PHI,,
21266-45299,RB,David,David Fluellen,Fluellen,1.049999952,2,6000,TEN@MIA,TEN,MIA,,
21266-33013,RB,Tion,Tion Green,Green,0,0,6000,CAR@DET,DET,CAR,,
21266-30968,RB,Eddie,Eddie Lacy,Lacy,2.75,2,6000,SEA@LAR,SEA,LAR,,
21266-32000,WR,Luke,Luke Willson,Willson,5.974999905,4,6000,SEA@LAR,SEA,LAR,,
21266-27908,WR,C.J.,C.J. Fiedorowicz,Fiedorowicz,6.599999905,1,6000,KC@HOU,HOU,KC,IR,Concussion
21266-28933,WR,Jared,Jared Abbrederis,Abbrederis,6.5E-01,2,6000,CAR@DET,DET,CAR,,
21266-33029,RB,George,George Winn,Winn,0,0,6000,SF@IND,IND,SF,IR,Undisclosed
21266-30989,RB,Kenyan,Kenyan Drake,Drake,8.33333E-01,3,6000,TEN@MIA,MIA,TEN,,
21266-30990,RB,Jalston,Jalston Fowler,Fowler,6.300000191,1,6000,TEN@MIA,TEN,MIA,,
21266-24847,WR,Will,Will Tye,Tye,2.900000095,2,6000,NYJ@CLE,NYJ,CLE,,
21266-33047,WR,Chris,Chris Moore,Moore,0,1,6000,BAL@OAK,BAL,OAK,,
21266-45335,WR,Michael,Michael Roberts,Roberts,2,1,6000,CAR@DET,DET,CAR,,
21266-34073,WR,Ryan,Ryan Griffin,Griffin,5.633333206,3,6000,KC@HOU,HOU,KC,,
21266-53532,WR,Roger,Roger Lewis,Lewis,3.600000064,3,6000,LAC@NYG,NYG,LAC,,
21266-24862,WR,Rashad,Rashad Greene Sr.,Greene Sr.,4.625E-01,8,6000,JAC@PIT,JAC,PIT,IR,Undisclosed
21266-32045,WR,Vance,Vance McDonald,McDonald,0,2,6000,JAC@PIT,PIT,JAC,,
21266-30004,WR,Kasen,Kasen Williams,Williams,0.5,3,6000,NYJ@CLE,CLE,NYJ,,
21266-14645,WR,Dontrelle,Dontrelle Inman,Inman,6.33333E-01,3,6000,LAC@NYG,LAC,NYG,,
21266-31036,WR,Kevin,Kevin Norwood,Norwood,0,0,6000,LAC@NYG,NYG,LAC,IR,Hip
21266-43334,RB,J.D.,J.D. McKissic,McKissic,19,1,6000,SEA@LAR,SEA,LAR,,
21266-52560,WR,Geronimo,Geronimo Allison,Allison,9.550000191,2,6000,GB@DAL,GB,DAL,,
21266-31061,RB,T.J.,T.J. Yeldon,Yeldon,7.51333313,15,6000,JAC@PIT,JAC,PIT,,
21266-41305,WR,Zay,Zay Jones,Jones,1.924999952,4,6000,BUF@CIN,BUF,CIN,,
21266-14683,RB,Patrick,Patrick DiMarco,DiMarco,2.66667E-01,3,6000,BUF@CIN,BUF,CIN,,
21266-54621,WR,Walter,Walter Powell,Powell,3.028571538,7,6000,BUF@CIN,BUF,CIN,,
21266-54623,WR,Jeff,Jeff Janis,Janis,2.550000032,12,6000,GB@DAL,GB,DAL,,
21266-38264,WR,Demarcus,Demarcus Robinson,Robinson,1.899999976,1,6000,KC@HOU,KC,HOU,,
21266-37245,RB,Fozzy,Fozzy Whittaker,Whittaker,4.066666603,3,6000,CAR@DET,CAR,DET,,
21266-38269,RB,Cameron,Cameron Artis-Payne,Artis-Payne,9.333333333,3,6000,CAR@DET,CAR,DET,,
21266-22920,WR,Derek,Derek Carrier,Carrier,1.76666673,3,6000,SEA@LAR,LAR,SEA,,
21266-55694,WR,Michael,Michael Thomas,Thomas,4.57143E-01,7,6000,SEA@LAR,LAR,SEA,,
21266-54674,WR,Jeremy,Jeremy Butler,Butler,1.049999952,2,6000,BUF@CIN,BUF,CIN,IR,Concussion
21266-28055,WR,Amara,Amara Darboh,Darboh,1.024999976,4,6000,SEA@LAR,SEA,LAR,,
21266-43416,WR,Trent,Trent Taylor,Taylor,5.199999809,4,6000,SF@IND,SF,IND,,
21266-41370,WR,Trevor,Trevor Davis,Davis,3.5E-01,4,6000,GB@DAL,GB,DAL,,
21266-38301,WR,Darren,Darren Fells,Fells,2.700000127,3,6000,CAR@DET,DET,CAR,,
21266-80289,WR,Kendrick,Kendrick Bourne,Bourne,0,0,6000,SF@IND,SF,IND,,
21266-28065,WR,Jehu,Jehu Chesson,Chesson,0,0,6000,KC@HOU,KC,HOU,,
21266-47523,WR,Tajae,Tajae Sharpe,Sharpe,5.300000191,16,6000,TEN@MIA,TEN,MIA,IR,Foot
21266-14761,WR,Andre,Andre Holmes,Holmes,4.625,4,6000,BUF@CIN,BUF,CIN,,
21266-26045,WR,Leonte,Leonte Carroo,Carroo,0,1,6000,TEN@MIA,MIA,TEN,,
21266-53697,WR,Kaelin,Kaelin Clay,Clay,1.099999984,3,6000,BUF@CIN,BUF,CIN,,
21266-28106,RB,Joe,Joe Kerridge,Kerridge,0,1,6000,GB@DAL,GB,DAL,,
21266-39373,WR,Jaelen,Jaelen Strong,Strong,3.350000064,6,6000,JAC@PIT,JAC,PIT,Q,Hamstring
21266-54741,WR,Seth,Seth Roberts,Roberts,4.324999809,4,6000,BAL@OAK,OAK,BAL,,
21266-54742,WR,Scott,Scott Simonson,Simonson,0,0,6000,CAR@DET,CAR,DET,IR,Back
21266-23003,WR,Phillip,Phillip Supernaw,Supernaw,8.E-01,1,6000,TEN@MIA,TEN,MIA,,
21266-33244,WR,Eli,Eli Rogers,Rogers,2.133333365,3,6000,JAC@PIT,PIT,JAC,,
21266-6622,WR,Eric,Eric Weems,Weems,0,2,6000,TEN@MIA,TEN,MIA,,
21266-15838,WR,Erik,Erik Swoope,Swoope,4.800000085,9,6000,SF@IND,IND,SF,IR,Knee
21266-14816,WR,Kyle,Kyle Nelson,Nelson,0,0,6000,SF@IND,SF,IND,,
21266-31207,WR,C.J.,C.J. Uzomah,Uzomah,1.600000024,1,6000,BUF@CIN,CIN,BUF,,
21266-32234,RB,Malcolm,Malcolm Brown,Brown,3.200000127,3,6000,SEA@LAR,LAR,SEA,,
21266-32235,WR,Marcus,Marcus Johnson,Johnson,0,1,6000,ARI@PHI,PHI,ARI,,
21266-27117,WR,Sean,Sean Culkin,Culkin,0,0,6000,LAC@NYG,LAC,NYG,,
21266-60910,WR,Dede,Dede Westbrook,Westbrook,0,0,6000,JAC@PIT,JAC,PIT,IR,Abdomen
21266-34295,WR,Breshad,Breshad Perriman,Perriman,5.25E-01,4,6000,BAL@OAK,BAL,OAK,,
21266-41469,WR,Darrell,Darrell Daniels,Daniels,5.5E-01,2,6000,SF@IND,IND,SF,,
21266-29183,RB,D.J.,D.J. Foster,Foster,1.033333302,3,6000,ARI@PHI,ARI,PHI,,
21266-39428,RB,Kyle,Kyle Juszczyk,Juszczyk,3.46666654,3,6000,SF@IND,SF,IND,,
21266-23046,RB,Jamize,Jamize Olawale,Olawale,2.5,1,6000,BAL@OAK,OAK,BAL,,
21266-31241,WR,Sammie,Sammie Coates,Coates,0,1,6000,NYJ@CLE,CLE,NYJ,Q,Hamstring
21266-6672,WR,Marcedes,Marcedes Lewis,Lewis,6.550000191,4,6000,JAC@PIT,JAC,PIT,,
21266-80400,RB,Lenard,Lenard Tillery,Tillery,0,0,6000,SEA@LAR,LAR,SEA,IR,Undisclosed
21266-39445,WR,Brice,Brice Butler,Butler,7.5,4,6000,GB@DAL,DAL,GB,,
21266-47640,RB,Branden,Branden Oliver,Oliver,2.575000048,4,6000,LAC@NYG,LAC,NYG,,
21266-40477,WR,Keith,Keith Towbridge,Towbridge,0,0,6000,BUF@CIN,BUF,CIN,IR,Undisclosed
21266-31263,WR,Ricardo,Ricardo Louis,Louis,4.574999809,4,6000,NYJ@CLE,CLE,NYJ,,
21266-22048,RB,Robert,Robert Turbin,Turbin,3.125,4,6000,SF@IND,IND,SF,,
21266-30244,RB,Matt,Matt Jones,Jones,7.E-01,2,6000,SF@IND,IND,SF,,
21266-31269,RB,Corey,Corey Grant,Grant,4,3,6000,JAC@PIT,JAC,PIT,,
21266-7718,RB,Cedric,Cedric Peerman,Peerman,1.5,1,6000,BUF@CIN,CIN,BUF,IR,Shoulder
21266-33320,RB,Senorise,Senorise Perry,Perry,0,0,6000,TEN@MIA,MIA,TEN,,
21266-22065,WR,Rhett,Rhett Ellison,Ellison,4.200000127,3,6000,LAC@NYG,NYG,LAC,,
21266-62002,RB,Devante,Devante Mays,Mays,0,0,6000,GB@DAL,GB,DAL,,
21266-14905,WR,Kamar,Kamar Aiken,Aiken,1.924999952,4,6000,SF@IND,IND,SF,,
21266-28226,WR,Aaron,Aaron Burbridge,Burbridge,1.287500024,8,6000,SF@IND,SF,IND,IR,Hamstring
21266-32331,RB,Tra,Tra Carson,Carson,0,0,6000,BUF@CIN,CIN,BUF,IR,Undisclosed
21266-31308,WR,Quan,Quan Bray,Bray,6.75E-01,4,6000,SF@IND,IND,SF,,
21266-43599,WR,Andrew,Andrew Price,Price,0,0,6000,CAR@DET,DET,CAR,,
21266-11864,RB,Chris,Chris Ivory,Ivory,5.550000191,4,6000,JAC@PIT,JAC,PIT,,
21266-18009,WR,Chris,Chris Manhertz,Manhertz,1.5,1,6000,CAR@DET,CAR,DET,,
21266-30297,WR,Trey,Trey Burton,Burton,1.600000024,2,6000,ARI@PHI,PHI,ARI,,
21266-31321,RB,Jay,Jay Prosch,Prosch,0.4,5,6000,KC@HOU,HOU,KC,,
21266-29277,WR,Stephen,Stephen Anderson,Anderson,2.700000127,3,6000,KC@HOU,HOU,KC,,
21266-7784,WR,Darrius,Darrius Heyward-Bey,Heyward-Bey,3.E-01,1,6000,JAC@PIT,PIT,JAC,,
21266-64104,RB,Terrell,Terrell Watson,Watson,1.66667E-01,3,6000,JAC@PIT,PIT,JAC,,
21266-22123,WR,James,James Hanna,Hanna,9.300000191,1,6000,GB@DAL,DAL,GB,,
21266-6778,WR,Anthony,Anthony Fasano,Fasano,2.429999924,10,6000,TEN@MIA,MIA,TEN,,
21266-38523,WR,Geoff,Geoff Swaim,Swaim,1.649999936,6,6000,GB@DAL,DAL,GB,,
21266-29314,WR,Richard,Richard Rodgers,Rodgers,3.200000048,1,6000,GB@DAL,GB,DAL,,
21266-55940,WR,Chad,Chad Hansen,Hansen,0,0,6000,NYJ@CLE,NYJ,CLE,,
21266-40586,WR,Fred,Fred Ross Jr.,Ross Jr.,0,0,6000,CAR@DET,CAR,DET,IR,Ankle
21266-28311,WR,MarQueis,MarQueis Gray,Gray,3.049999952,8,6000,TEN@MIA,MIA,TEN,,
21266-45723,WR,Crockett,Crockett Gillmore,Gillmore,3.420000076,5,6000,BAL@OAK,BAL,OAK,IR,Knee
21266-47780,WR,Taywan,Taywan Taylor,Taylor,2.950000048,4,6000,TEN@MIA,TEN,MIA,,
21266-29351,WR,De'Anthony,De'Anthony Thomas,Thomas,6.5E-01,4,6000,KC@HOU,KC,HOU,,
21266-31406,RB,Alfred,Alfred Blue,Blue,1.200000048,1,6000,KC@HOU,HOU,KC,,
21266-25267,WR,Mack,Mack Hollins,Hollins,4.699999809,1,6000,ARI@PHI,PHI,ARI,,
21266-22198,WR,Brittan,Brittan Golden,Golden,3,2,6000,ARI@PHI,ARI,PHI,,
21266-28346,WR,Maxx,Maxx Williams,Williams,2.650000095,2,6000,BAL@OAK,BAL,OAK,Q,Foot
21266-70335,WR,Seth,Seth DeValve,DeValve,4.474999905,4,6000,NYJ@CLE,CLE,NYJ,,
21266-39615,WR,Brandon,Brandon Williams,Williams,2.466666698,3,6000,SF@IND,IND,SF,,
21266-33472,RB,C.J.,C.J. Prosise,Prosise,4.566666603,3,6000,SEA@LAR,SEA,LAR,Q,Ankle
21266-30403,WR,Chris,Chris Conley,Conley,4.224999905,4,6000,KC@HOU,KC,HOU,,
21266-52931,RB,Elijhaa,Elijhaa Penny,Penny,1.E-01,1,6000,ARI@PHI,ARI,PHI,,
21266-70342,WR,Temarrick,Temarrick Hemingway,Hemingway,0,0,6000,SEA@LAR,LAR,SEA,IR,Lower leg
21266-22220,WR,Sean,Sean McGrath,McGrath,1.5,1,6000,LAC@NYG,LAC,NYG,,
21266-30412,WR,Tavarres,Tavarres King,King,2,3,6000,LAC@NYG,NYG,LAC,,
21266-16078,WR,Ross,Ross Travis,Travis,0,2,6000,KC@HOU,KC,HOU,,
21266-29390,WR,Evan,Evan Baylis,Baylis,0,0,6000,SF@IND,IND,SF,,
21266-33488,WR,Troy,Troy Niklas,Niklas,1.199999968,3,6000,ARI@PHI,ARI,PHI,,
21266-40665,RB,Matthew,Matthew Dayes,Dayes,1.399999976,2,6000,NYJ@CLE,CLE,NYJ,,
21266-40669,WR,Tyler,Tyler Boyd,Boyd,1.899999936,3,6000,BUF@CIN,CIN,BUF,,
21266-45791,WR,Rashard,Rashard Higgins,Higgins,5.133333206,3,6000,NYJ@CLE,CLE,NYJ,,
21266-38624,RB,T.J.,T.J. Logan,Logan,0,0,6000,ARI@PHI,ARI,PHI,IR,Wrist
21266-70372,WR,Chester,Chester Rogers,Rogers,2.628571374,14,6000,SF@IND,IND,SF,Q,Hamstring
21266-38634,WR,Ryan,Ryan Switzer,Switzer,-3.5E-01,4,6000,GB@DAL,DAL,GB,,
21266-44784,RB,Darius,Darius Jackson,Jackson,0,0,6000,NYJ@CLE,CLE,NYJ,IR,Knee
21266-26355,WR,Logan,Logan Thomas,Thomas,0,0,6000,BUF@CIN,BUF,CIN,,
21266-33531,WR,Ben,Ben Koyack,Koyack,0,1,6000,JAC@PIT,JAC,PIT,,
21266-45821,WR,Isaiah,Isaiah Burse,Burse,0,8,6000,LAC@NYG,LAC,NYG,IR,Concussion
21266-47870,WR,Tyler,Tyler Higbee,Higbee,2.450000048,4,6000,SEA@LAR,LAR,SEA,,
21266-22288,WR,Cole,Cole Beasley,Beasley,3.525000095,4,6000,GB@DAL,DAL,GB,,
21266-33552,WR,TJ,TJ Jones,Jones,6.266666412,3,6000,CAR@DET,DET,CAR,,
21266-15121,WR,Chris,Chris Matthews,Matthews,1.5,2,6000,BAL@OAK,BAL,OAK,,
21266-27411,RB,Aaron,Aaron Ripkowski,Ripkowski,1.100000024,2,6000,GB@DAL,GB,DAL,,
21266-22292,RB,Lance,Lance Dunbar,Dunbar,2.663636294,11,6000,SEA@LAR,LAR,SEA,NA,Knee
21266-28437,RB,Danny,Danny Vitale,Vitale,9.4E-01,5,6000,NYJ@CLE,CLE,NYJ,,
21266-12055,WR,Logan,Logan Paulsen,Paulsen,0,1,6000,SF@IND,SF,IND,,
21266-70422,WR,Kalif,Kalif Raymond,Raymond,-1,2,6000,NYJ@CLE,NYJ,CLE,,
21266-7965,WR,Antonio,Antonio Gates,Gates,4.525000095,4,6000,LAC@NYG,LAC,NYG,,
21266-22308,RB,Joe,Joe Banyard,Banyard,7.E-01,1,6000,BUF@CIN,BUF,CIN,,
21266-31524,WR,Cody,Cody Core,Core,0,1,6000,BUF@CIN,CIN,BUF,,
21266-29477,WR,Connor,Connor Hamlett,Hamlett,8.199999809,1,6000,GB@DAL,DAL,GB,,
21266-32556,WR,Deante',Deante' Gray,Gray,0,0,6000,KC@HOU,HOU,KC,IR,Knee - acl
21266-22317,WR,Brenton,Brenton Bersin,Bersin,1.350000024,2,6000,CAR@DET,CAR,DET,,
21266-10030,WR,Harry,Harry Douglas,Douglas,4.071428571,7,6000,TEN@MIA,TEN,MIA,IR,Knee
21266-27441,RB,Damien,Damien Williams,Williams,8.5E-01,2,6000,TEN@MIA,MIA,TEN,,
21266-40758,RB,Corey,Corey Clement,Clement,5.599999905,2,6000,ARI@PHI,PHI,ARI,,
21266-27457,WR,Kenny,Kenny Stills,Stills,6.866666794,3,6000,TEN@MIA,MIA,TEN,,
21266-38722,WR,Cethan,Cethan Carter,Carter,0,0,6000,BUF@CIN,CIN,BUF,,
21266-70467,WR,Andy,Andy Jones,Jones,0,0,6000,CAR@DET,DET,CAR,,
21266-26458,WR,Tavon,Tavon Austin,Austin,1.399999976,4,6000,SEA@LAR,LAR,SEA,,
21266-53097,WR,Josh,Josh Reynolds,Reynolds,3.299999952,1,6000,SEA@LAR,LAR,SEA,,
21266-28525,WR,Braxton,Braxton Miller,Miller,1.333333333,3,6000,KC@HOU,HOU,KC,,
21266-39793,WR,George,George Kittle,Kittle,3.325000048,4,6000,SF@IND,SF,IND,,
21266-32632,WR,Bradley,Bradley Marquez,Marquez,7.71429E-01,7,6000,SEA@LAR,LAR,SEA,IR,Knee
21266-28545,RB,Rod,Rod Smith,Smith,8.E-01,1,6000,GB@DAL,DAL,GB,,
21266-38790,WR,Jalin,Jalin Marshall,Marshall,3.120000076,10,6000,NYJ@CLE,NYJ,CLE,,
21266-39814,WR,Jordan,Jordan Leggett,Leggett,0,0,6000,NYJ@CLE,NYJ,CLE,Q,Knee
21266-39818,RB,Wayne,Wayne Gallman,Gallman,12,1,6000,LAC@NYG,NYG,LAC,,
21266-19342,WR,Demetrius,Demetrius Harris,Harris,4.25,2,6000,KC@HOU,KC,HOU,,
21266-29583,WR,Randall,Randall Telfer,Telfer,1.700000048,2,6000,NYJ@CLE,CLE,NYJ,,
21266-39829,WR,Mike,Mike Williams,Williams,0,0,6000,LAC@NYG,LAC,NYG,Q,Back
21266-29592,WR,Xavier,Xavier Grimble,Grimble,3.662499905,8,6000,JAC@PIT,PIT,JAC,,
21266-28570,WR,Nick,Nick Vannett,Vannett,1.5,1,6000,SEA@LAR,SEA,LAR,,
21266-14240,WR,Lance,Lance Kendricks,Kendricks,5.166666667,3,6000,GB@DAL,GB,DAL,,
21266-25513,WR,Darius,Darius Jennings,Jennings,0,0,6000,TEN@MIA,TEN,MIA,,
21266-34729,RB,Dwayne,Dwayne Washington,Washington,1.549999952,2,6000,CAR@DET,DET,CAR,Q,Quadriceps
21266-29624,RB,Tre,Tre Madden,Madden,0,0,6000,SEA@LAR,SEA,LAR,,
21266-56248,WR,Noah,Noah Brown,Brown,1.799999952,1,6000,GB@DAL,DAL,GB,,
21266-43961,RB,Tyler,Tyler Ervin,Ervin,2.25,4,6000,KC@HOU,HOU,KC,O,Knee
21266-30652,WR,Tanner,Tanner McEvoy,McEvoy,0,2,6000,SEA@LAR,SEA,LAR,,
21266-30654,WR,Jerell,Jerell Adams,Adams,4.300000191,1,6000,LAC@NYG,NYG,LAC,,
21266-32703,WR,Jakeem,Jakeem Grant,Grant,5.66667E-01,3,6000,TEN@MIA,MIA,TEN,,
21266-41922,WR,Johnny,Johnny Holton,Holton,12.89999962,1,6000,BAL@OAK,OAK,BAL,,
21266-43970,RB,Shane,Shane Smith,Smith,0,0,6000,LAC@NYG,NYG,LAC,,
21266-14288,WR,Torrey,Torrey Smith,Smith,4.599999905,4,6000,ARI@PHI,PHI,ARI,,
21266-57299,WR,Gerald,Gerald Everett,Everett,5.566666921,3,6000,SEA@LAR,LAR,SEA,,
21266-30678,WR,Damiere,Damiere Byrd,Byrd,3.E-01,4,6000,CAR@DET,CAR,DET,IR,Arm
21266-25561,WR,Michael,Michael Campanaro,Campanaro,1.674999952,4,6000,BAL@OAK,BAL,OAK,,
21266-41954,WR,Victor,Victor Bolden Jr.,Bolden Jr.,0,3,6000,SF@IND,SF,IND,,
21266-40932,WR,Pharoh,Pharoh Cooper,Cooper,-2.75E-01,4,6000,SEA@LAR,LAR,SEA,,
21266-41964,WR,Vince,Vince Mayle,Mayle,0,0,6000,BAL@OAK,BAL,OAK,,
21266-14317,WR,Julius,Julius Thomas,Thomas,3.700000127,3,6000,TEN@MIA,MIA,TEN,,
21266-14319,RB,Taiwan,Taiwan Jones,Jones,0,1,6000,BUF@CIN,BUF,CIN,,
21266-31732,WR,Corey,Corey Coleman,Coleman,7.599999905,2,6000,NYJ@CLE,CLE,NYJ,IR,Hand
21266-48116,WR,Jonnu,Jonnu Smith,Smith,6.299999873,3,6000,TEN@MIA,TEN,MIA,,
21266-30709,WR,Bruce,Bruce Ellington,Ellington,7,3,6000,KC@HOU,HOU,KC,,
21266-14327,RB,Anthony,Anthony Sherman,Sherman,1.600000024,1,6000,KC@HOU,KC,HOU
